issue_summary,menu_id,activity_short_name,partner,activit_project_id,project_id,project_key,customer_id,project_name,customer_email,customer_contact_no,customer_contact,customer_location,SDO,SDM,CSM,snow_request_no,issue_id,issue_key,created,changelog_assignee_created,creator_email,parent_id,parent_key,parent_summary,subtask,assignee_email,assignee_name,assignee_id,issue_status,
SAA10 Quality Review,SAA10,,,,27325,ES6000026825,6000026825,I-DE REDES ELECTRICAS INTELIGENTES SAU,,,,,,,,,1994241,ES6000026825-7,2023-11-29T16:56:53.254+0100,2023-11-29T18:09:43.616000+01:00,mary.blount@ifs.com,1948194,ES6000026825-6,SAA10,TRUE,kalpani.dissanayake@ifs.com,Kalpani Dissanayake,614c58f3aea68800727067d2,Not Started,
SAA9 Guided selling with configured parts,SAA9,,,,30223,NO302662,302662,Tomra Systems ASA,bodil.strommen@tomra.com,4795157391,Bodil Strømmen,North & Central Europe,,,,RITM0669103,1994200,NO302662-23,2023-11-29T15:42:11.629+0100,2023-11-29T15:56:46.693000+01:00,snow-user@ifsworld.com,,,,FALSE,aquila.navaratne@ifs.com,Aquila Navaratne,61a2a313fe9f30006879d660,Not Started,
TAA2P,TAA2,FRX100012.230-EAS.MCTAA2P.1,TRUE,FRX100012,31789,FR6000082267,6000082267,CAPGEMINI FRANCE,marc.vancostenoble@capgemini.com,679481014,Marc Vancostenoble,South & Western Europe,,,,RITM0669100,1994187,FR6000082267-24,2023-11-29T15:28:51.906+0100,2023-11-29T19:18:28.516000+01:00,snow-user@ifsworld.com,,,,FALSE,pathum.darshana@ifs.com,Pathum Darshana Kasthuriarachchi,614c593c7a3c8800675137b6,Not Started,
SAA2 - Solution Design Best Practice for IFS Software Deployments (Solution Design meetings),,SEX100026.1302.MCSAA02.5,FALSE,SEX100026,26960,SE6000000025,6000000025,AB Tetra Pak,JOYCI.ANJOS@TETRAPAK.COM,5.52E+12,Joyci dos Anjos,North & Central Europe,,,,RITM0668971,1993074,SE6000000025-1498,2023-11-29T06:34:45.585+0100,2023-11-29T14:58:21.518000+01:00,snow-user@ifsworld.com,,,,FALSE,heli.vihtari@ifs.com,Heli Vihtari,626a55980f0cc0006f8fcbb3,In Process,
QSM10 - IFS Best Practice: Standards and methodology for cut-over and operational readiness for IFS Software,,,,,28716,FR6000004129,6000004129,DEMATHIEU BARD GESTION,Christophe.CANU@Demathieu-Bard.fr,(+33) 03 87 66 73 11,Christophe Canu,South & Western Europe,,,,RITM0668921,1992922,FR6000004129-33,2023-11-28T22:40:26.310+0100,2023-11-29T05:33:54.941000+01:00,snow-user@ifsworld.com,,,,FALSE,aashini.warnakulasooriya@ifs.com,Aashini Warnakulasooriya,6352c2fcb0b6ef0356485a9e,Not Started,
QSM7 - IFS Best Practice: Standards and methodology for solution build and test,,,,,28716,FR6000004129,6000004129,DEMATHIEU BARD GESTION,Christophe.CANU@Demathieu-Bard.fr,(+33) 03 87 66 73 11,Christophe Canu,South & Western Europe,,,,RITM0668920,1992920,FR6000004129-32,2023-11-28T22:33:55.492+0100,2023-11-29T05:34:16.770000+01:00,snow-user@ifsworld.com,,,,FALSE,aashini.warnakulasooriya@ifs.com,Aashini Warnakulasooriya,6352c2fcb0b6ef0356485a9e,Not Started,
SAA9 Functional Advisory Docman,SAA9,NOX100009.230-EAS.MCSAA9.13,FALSE,NOX100009,27055,NO306116,306116,Interwell AS,ke@interwell.com,4795291041,Katrine Eide,North & Central Europe,,,,RITM0668883,1992839,NO306116-589,2023-11-28T17:16:54.401+0100,2023-11-29T05:34:39.262000+01:00,snow-user@ifsworld.com,1832665,NO306116-384,SAA9 Advisory Verification process,FALSE,morten.askim@ifs.com,Morten Askim,614c4f6676e34d006978a8bb,In Process,
SAA9,SAA9,,,,30223,NO302662,302662,Tomra Systems ASA,,,,,,,,,1992748,NO302662-22,2023-11-28T14:17:56.849+0100,2023-11-28T14:18:10.902000+01:00,shani.fernando@ifs.com,1923334,NO302662-17,SAA9 Application Optimization Best Practices,TRUE,bhakthi.chandrasiri@ifs.com,Bhakthi Chandrasiri,62c99ca2b6357aecd7c83f32,Not Started,
SAA9,SAA9,,,,30223,NO302662,302662,Tomra Systems ASA,,,,,,,,,1992747,NO302662-21,2023-11-28T14:17:07.406+0100,2023-11-28T14:17:19.408000+01:00,shani.fernando@ifs.com,1923333,NO302662-16,SAA9 Application Optimization Best Practices,TRUE,elath.de.silva@ifs.com,Elath De Silva,6148b1a85f54810068a6628b,Not Started,
SAA9 - Quality Review,SAA9,,,,27059,FIFI0113,FI0113,Insta Group Oy,,,,,,,,,1992664,FIFI0113-75,2023-11-28T12:58:03.623+0100,2023-11-28T13:00:04.116000+01:00,taisto.jalonen@ifs.com,1948152,FIFI0113-66,SAA9 Purchase Process Improvement Advisory,TRUE,andrew.corless@ifs.com,Andrew Corless,614c4efcba1b34006acf0617,In Process,
SAA5 - Value Realization Planning & Advisory Best Practice (Backlog Grooming),SAA5,SEX100026.1302.MCSAA5.2,FALSE,SEX100026,26960,SE6000000025,6000000025,AB Tetra Pak,JOYCI.ANJOS@TETRAPAK.COM,5.52E+12,Joyci dos Anjos,North & Central Europe,,,,RITM0668766,1992622,SE6000000025-1493,2023-11-28T12:29:19.993+0100,2023-11-28T12:36:32.536000+01:00,snow-user@ifsworld.com,,,,FALSE,heli.vihtari@ifs.com,Heli Vihtari,626a55980f0cc0006f8fcbb3,In Process,
EMA11P - Quality Review,EMA11,,,,27537,USUS30106,US30106,Nayo Technologies LLC,,,,,Chandana Gunasekara,,Manilka Peiris,,1992470,USUS30106-22,2023-11-28T10:51:40.444+0100,2023-11-28T10:51:54.736000+01:00,yadhavan.gokulan@ifs.com,1936744,USUS30106-13,EMA11P,TRUE,chandana.gunasekara@ifs.com,Chandana Gunasekara,61783f9abcb57400687ff8eb,Not Started,
Systems Engineering involvement,EMA111,,,,27584,DE6000060870,6000060870,MHP Management- und IT-Beratung GmbH.,,,,,Chandana Gunasekara,,,,1992463,DE6000060870-16,2023-11-28T10:46:53.017+0100,2023-11-28T10:47:06.094000+01:00,bhathiya.wasala@ifs.com,1861041,DE6000060870-4,EMA11P,TRUE,kaveen.pasindu@ifs.com,Kaveen Pasindu,6375a34b2acfad92d7afdfef,Not Started,
SAA9 Functional Advisory - Maintenance,SAA9,NOX100009.230-EAS.MCSAA9.12,FALSE,NOX100009,27055,NO306116,306116,Interwell AS,ke@interwell.com,4795291041,Katrine Eide,North & Central Europe,,,,RITM0668532,1990912,NO306116-588,2023-11-27T14:47:24.170+0100,2023-11-27T17:20:10.806000+01:00,snow-user@ifsworld.com,1832665,NO306116-384,SAA9 Advisory Verification process,FALSE,saba.soltani@ifs.com,Saba Soltani,61b073a8c510bc006b58f033,In Process,
SAA9 Project Invoice layout improvement,SAA9,FIX100006.130-EAS.MCSAA9.5,FALSE,FIX100006,27059,FIFI0113,FI0113,Insta Group Oy,eero.lehtinen@insta.fi,3.59E+11,Eero Lehtinen,North & Central Europe,,,,RITM0668494,1990817,FIFI0113-74,2023-11-27T13:26:01.701+0100,2023-11-27T13:58:52.754000+01:00,snow-user@ifsworld.com,,,,FALSE,mika.nikkola@ifs.com,Mika Nikkola,614c4fd5cee20b0069f05ae0,In Process,
SAA02 - Time Reporting for NZ,SAA2,AUX100001.230-EAS.MCSAA2.1,FALSE,AUX100001,27228,AU308915,308915,Abergeldie Complex Infrastructure,jdavies@abergeldie.com,61408409699,James Davies,APJ & MEA,,,,RITM0668384,1990151,AU308915-38,2023-11-27T07:54:59.938+0100,2023-11-27T12:26:47.239000+01:00,snow-user@ifsworld.com,,,,FALSE,yoshini.silva@ifs.com,Yoshini Silva,627e27f70d1e73006f7dcace,Not Started,
SAA02P - Solution design best practices for IFS Software deployments,SAA2,LKX100001.240-SAA.MCSAA2P.1,TRUE,LKX100001,28929,LK6000074408,6000074408,Enterprise Analytics.,p.gunawardena@e-analytics.com,94772919923,Pasan Gunawardena,APJ & MEA,,,,RITM0668306,1989677,LK6000074408-22,2023-11-26T15:03:48.012+0100,2023-11-28T05:00:16.016000+01:00,snow-user@ifsworld.com,,,,FALSE,christine.zhang@ifs.com,Christine Zhang,62d7c2e737366f100e681d90,Not Started,
EMA08P - IFS Cloud Update - Modification Compatibility Best Practices,EMA08,LKX100001.260-EMA.MCEMA08P.1,FALSE,LKX100001,28929,LK6000074408,6000074408,Enterprise Analytics.,p.gunawardena@e-analytics.com,94772919923,Pasan Gunawardena,APJ & MEA,Chandana Gunasekara,,,RITM0668304,1989675,LK6000074408-21,2023-11-26T14:59:36.129+0100,2023-11-27T10:07:01.255000+01:00,snow-user@ifsworld.com,,,,FALSE,malan.jayanka@ifs.com,Malan Jayanka,61adf6832278e7006b697174,Not Started,
TAA01P - Technical Infrastructure Best Practices,TAA01,LKX100001.230-EAS.MCTAA01P.1,FALSE,LKX100001,28929,LK6000074408,6000074408,Enterprise Analytics.,p.gunawardena@e-analytics.com,94772919923,Pasan Gunawardena,APJ & MEA,,,,RITM0668301,1989673,LK6000074408-19,2023-11-26T14:55:42.080+0100,2023-11-27T11:15:27.268000+01:00,snow-user@ifsworld.com,,,,FALSE,pathum.darshana@ifs.com,Pathum Darshana Kasthuriarachchi,614c593c7a3c8800675137b6,In Process,
TAA05P - Database Optimization Best Practices,TAA05,LKX100001.230-EAS.MCTAA05P.1,FALSE,LKX100001,28929,LK6000074408,6000074408,Enterprise Analytics.,p.gunawardena@e-analytics.com,94772919923,Pasan Gunawardena,APJ & MEA,,,,RITM0668302,1989672,LK6000074408-18,2023-11-26T14:55:25.013+0100,2023-11-27T11:15:33.531000+01:00,snow-user@ifsworld.com,,,,FALSE,pathum.darshana@ifs.com,Pathum Darshana Kasthuriarachchi,614c593c7a3c8800675137b6,In Process,
EMA07P - IFS Cloud Update - Modification Impact Analysis Advisory,EMA07,LKX100001.260-EMA.MCEMA07P.1,FALSE,LKX100001,28929,LK6000074408,6000074408,Enterprise Analytics.,p.gunawardena@e-analytics.com,94772919923,Pasan Gunawardena,APJ & MEA,Chandana Gunasekara,,,RITM0668303,1989671,LK6000074408-17,2023-11-26T14:54:33.511+0100,2023-11-26T19:06:40.575000+01:00,snow-user@ifsworld.com,,,,FALSE,sudheera.tharunie@ifs.com,Sudheera Tharunie,61b073e4744c4d00697b56d2,Not Started,
SAA2 - Quality Review,SAA2,,,,29153,US302484,302484,Hussey Seating Company,,,,,,,,,1989670,US302484-18,2023-11-26T13:56:06.862+0100,2023-11-26T13:56:50.601000+01:00,shani.fernando@ifs.com,1854991,US302484-6,SAA2-Medium - MANU,TRUE,shani.fernando@ifs.com,Shani Fernando,61838a6925f31300704b2499,Not Started,
"Verify SYE portions of environment copy (backup, restore)",SAA10,,,,31709,US308023,308023,ACCO Engineered Systems Inc,,,,,,,,,1989574,US308023-13,2023-11-24T17:42:29.650+0100,2023-11-24T17:44:01.763000+01:00,guilherme.nascimento@ifs.com,1935118,US308023-12,SAA10,TRUE,jahn.dawoud@ifs.com,Jahn Dawoud,61adf6229615eb006f7f4ae7,Not Started,
Support for Alex to deliver TAA9P,TAA9,,,,27555,JP6000072990,6000072990,Keyware Solutions (user),,,,,,,,,1989412,JP6000072990-29,2023-11-24T14:18:42.082+0100,2023-11-24T14:18:51.481000+01:00,chandana.gunasekara@ifs.com,1978786,JP6000072990-14,TAA9P,TRUE,prabodha.de.silva@ifs.com,Prabodha De Silva,61b0738ffe9f3000680f7f8b,Not Started,
EMA13P - IFS Software Enhancement - IFS Cloud Test Data - Best Practices,EMA13,SGX100003.240-EMA.MCEMA13P.1,TRUE,SGX100003,27556,CN6000071310,6000071310,Raceku Solutions Shanghai Co. Ltd.,htmei@raceku.com,15566930940,Haitao Mei,APJ & MEA,Chandana Gunasekara,,,RITM0668066,1989064,CN6000071310-20,2023-11-24T09:20:47.394+0100,2023-11-28T06:20:34.073000+01:00,snow-user@ifsworld.com,,,,FALSE,isini.dananjana@ifs.com,Isini Dananjana,712020:3a8da7a4-ff2b-44be-83ca-a342a7dd5750,Not Started,
Final Report Review,TAA2,,,,31822,LK6000082268,6000082268,SEBSA Pvt Ltd (Customer),,,,,,,,,1989045,LK6000082268-29,2023-11-24T08:58:43.701+0100,2023-11-24T08:58:50.220000+01:00,ruwandi.panagoda@ifs.com,1892203,LK6000082268-17,TAA2P,TRUE,chandana.gunasekara@ifs.com,Chandana Gunasekara,61783f9abcb57400687ff8eb,Not Started,
Sub-task to support delivering advisory session,EMA11,USX100039.230-EAS.MCEMA11P.1,TRUE,USX100039,27518,US6000071956,6000071956,Astra Canyon Group (Build Place),,,,,Chandana Gunasekara,,,,1988551,US6000071956-26,2023-11-24T04:37:09.002+0100,2023-11-24T04:37:24.586000+01:00,nilanka.liyanage@ifs.com,1837568,US6000071956-16,EMA11P,TRUE,kavindi.alvitigala@ifs.com,Kavindi Alvitigala,635a285af7ad721e784e1dbb,Not Started,
SAA1- Quality Review ,SAA1,,,,31882,AE6000082457,6000082457,Xitricon FZCO - PBP,,,,,,,,,1988521,AE6000082457-19,2023-11-24T03:26:27.710+0100,2023-11-24T03:28:25.812000+01:00,rasika.lakmal@ifs.com,1879517,AE6000082457-3,SAA1P,TRUE,ryan.duarte@ifs.com,Ryan Duarte,712020:f36a7834-8745-4962-b614-b5826378a8f4,In Process,
SAA15 - PSO Simulation business process creation for future rollout,SAA15,,,,27280,SE6000009502,6000009502,Electrolux IT Solutions Aktiebolag,,,,,,,,,1988198,SE6000009502-52,2023-11-23T13:09:03.497+0100,2023-11-23T13:09:09.391000+01:00,ruchira.jayasinghe.ott@ifs.com,1936243,SE6000009502-36,"SAA15, PSO Simulation business process creation for future rollout.",TRUE,ruchira.jayasinghe.ott@ifs.com,Ruchira Jayasinghe,63f543d33ec8aa51d3d2354e,In Process,
TAA4P,TAA4,INX100001.230-EAS.MCTAA4P.1,TRUE,INX100001,27346,IN308652,308652,Gilbarco Veeder Root India Pvt. Ltd.,harish.bhandary@gilbarco.com,+91 93226 55254,Harish Bhandary,APJ & MEA,,,,RITM0667884,1988148,IN308652-4,2023-11-23T12:09:38.198+0100,2023-11-23T13:45:56.933000+01:00,snow-user@ifsworld.com,,,,FALSE,mithila.gunawardhana@ifs.com,Mithila Gunawardhana,6184af573e3753006f9d7ed3,Not Started,
EMA4 - Quality Review,EMA4,,,,27059,FIFI0113,FI0113,Insta Group Oy,,,,,Chandana Gunasekara,,,,1988134,FIFI0113-73,2023-11-23T11:47:31.773+0100,2023-11-23T11:51:02.929000+01:00,ville.salo@ifs.com,1915327,FIFI0113-58,EMA4 Configuration Advisory,TRUE,ama.methmini@ifs.com,Ama Methmini,62ec84175111209f4fdf430b,Not Started,
Intrum IFS-829,SAA2,SEX100022.230-EAS.SAA2.1,FALSE,SEX100022,27629,SE305682,305682,Loomis Sverige AB,lars.norstrom@loomis.com,791425706,Lars Norström,North & Central Europe,,,,RITM0667853,1988038,SE305682-43,2023-11-23T10:14:38.901+0100,2023-11-23T11:37:18.257000+01:00,snow-user@ifsworld.com,,,,FALSE,andreas.andersson@ifs.com,Andreas Andersson,614c4be6071141006ad8bc55,In Process,
TAA1 (Test),TAA1,test,,,27646,GSSDEAS,SDEAS,GSSD EBP Internal,,,,Americas,,,,,1987405,GSSDEAS-115,2023-11-22T20:31:51.257+0100,2023-11-22T20:32:27.113000+01:00,ruchira.jayasinghe.ott@ifs.com,,,,FALSE,ruchira.jayasinghe.ott@ifs.com,Ruchira Jayasinghe,63f543d33ec8aa51d3d2354e,Not Started,
TAA1,TAA1,USX100017.3302.MCTAA01.1,FALSE,USX100017,27360,US308809,308809,Smart Care Equipment Solutions,kevin.knight@smartcaresolutions.com,612.509.4751,Kevin Knight,Americas,,,,RITM0667705,1987341,US308809-45,2023-11-22T17:15:28.186+0100,2023-11-27T05:22:27.136000+01:00,snow-user@ifsworld.com,,,,FALSE,dayan.wijesinghe@ifs.com,Dayan Wijesinghe,61e6a0c609633b0069b8e5ed,Not Started,
EMA2 CRIM Design Advisory & Best Practices (SCM/WIP),EMA2,NOX100009.230-EAS.MCEMA2.1,FALSE,NOX100009,27055,NO306116,306116,Interwell AS,ke@interwell.com,4795291041,Katrine Eide,North & Central Europe,Chandana Gunasekara,,,RITM0667679,1987307,NO306116-584,2023-11-22T16:34:06.858+0100,2023-11-22T18:33:45.009000+01:00,snow-user@ifsworld.com,1832665,NO306116-384,SAA9 Advisory Verification process,FALSE,madusha.amarasinghe@ifs.com,Madusha Amarasinghe,61adf5f1ebce470067c4f968,In Process,
Collaboration,TAA12,,,,31819,IN6000056220,6000056220,Infosys Limited (Customer),,,,,,,,,1987293,IN6000056220-40,2023-11-22T16:16:27.529+0100,2023-11-22T16:16:41.665000+01:00,yadhavan.gokulan@ifs.com,1985545,IN6000056220-39,TAA12P,TRUE,nuwani.jayatilleke@ifs.com,Nuwani Jayatilleke,61b073c7d5986c006a9b0cef,Not Started,
SAA9 Functional Advisory - FAM/VIM,SAA9,NOX100009.230-EAS.MCSAA9.11,FALSE,NOX100009,27055,NO306116,306116,Interwell AS,ke@interwell.com,4795291041,Katrine Eide,North & Central Europe,,,,RITM0667677,1987292,NO306116-583,2023-11-22T16:14:49.740+0100,2023-11-22T18:33:42.742000+01:00,snow-user@ifsworld.com,1832665,NO306116-384,SAA9 Advisory Verification process,FALSE,geir.sigve.josendal@ifs.com,Geir Sigve Josendal,614c55e6cee20b0069f0a6af,In Process,
SAA9 Functional advisory - Finance,SAA9,NOX100009.230-EAS.MCSAA9.10,FALSE,NOX100009,27055,NO306116,306116,Interwell AS,ke@interwell.com,4795291041,Katrine Eide,North & Central Europe,,,,RITM0667674,1987290,NO306116-582,2023-11-22T16:07:14.767+0100,2023-11-22T18:33:40.934000+01:00,snow-user@ifsworld.com,1832665,NO306116-384,SAA9 Advisory Verification process,FALSE,tomi.linna@ifs.com,Tomi Linna,63244940ce3e476e42ade7c6,In Process,
SAA9 Functional Advisory - SCM,SAA9,NOX100009.230-EAS.MCSAA9.9,FALSE,NOX100009,27055,NO306116,306116,Interwell AS,ke@interwell.com,4795291041,Katrine Eide,North & Central Europe,,,,RITM0667675,1987287,NO306116-581,2023-11-22T15:59:59.285+0100,2023-11-22T18:33:39.126000+01:00,snow-user@ifsworld.com,1832665,NO306116-384,SAA9 Advisory Verification process,FALSE,virginia.vascos@ifs.com,Virginia Vascós Palacios,5d6e78e64e654c0db0af557d,In Process,
SAA9 Functional Advisory - Manufacturing,SAA9,NOX100009.230-EAS.MCSAA9.8,FALSE,NOX100009,27055,NO306116,306116,Interwell AS,ke@interwell.com,4795291041,Katrine Eide,North & Central Europe,,,,RITM0667673,1987285,NO306116-580,2023-11-22T15:53:10.214+0100,2023-11-22T18:33:37.431000+01:00,snow-user@ifsworld.com,1832665,NO306116-384,SAA9 Advisory Verification process,FALSE,ankur.saini@ifs.com,Ankur Saini,61adf5edd2e64c0071b01dfe,In Process,
EMA12 Integration Advisory - Teamcenter,EMA12,NOX100009.230-EAS.MCEMA12.1,FALSE,NOX100009,27055,NO306116,306116,Interwell AS,ke@interwell.com,4795291041,Katrine Eide,North & Central Europe,Chandana Gunasekara,,,RITM0667667,1987283,NO306116-579,2023-11-22T15:51:15.111+0100,2023-11-22T18:33:35.200000+01:00,snow-user@ifsworld.com,,,,FALSE,hani.freiwat@ifs.com,Hani Freiwat,614c4bdbfac3ce0069f5c6b9,Not Started,
SAA2 Solution Guidance - SA,SAA2,NOX100009.230-EAS.MCSAA2.1,FALSE,NOX100009,27055,NO306116,306116,Interwell AS,ke@interwell.com,4795291041,Katrine Eide,North & Central Europe,,,,RITM0667669,1987274,NO306116-578,2023-11-22T15:42:01.354+0100,2023-11-22T18:33:46.722000+01:00,snow-user@ifsworld.com,1832665,NO306116-384,SAA9 Advisory Verification process,FALSE,tone.marie.karlsnes@ifs.com,Tone Marie Karlsnes,62c2ad391bb561c33794c812,In Process,
TAA02P - IFS Software Operational Process Best Practices,TAA02,SGX100003.230-EAS.MCTAA02P.1,FALSE,SGX100003,27556,CN6000071310,6000071310,Raceku Solutions Shanghai Co. Ltd.,htmei@raceku.com,15566930940,Haitao Mei,APJ & MEA,,,,RITM0667502,1986545,CN6000071310-19,2023-11-22T05:19:16.259+0100,2023-11-24T09:51:53.990000+01:00,snow-user@ifsworld.com,,,,FALSE,ruwandi.panagoda@ifs.com,Ruwandi Panagoda,61b07389ef18ca0071e6d28b,Not Started,
EMA11 - SE Involvement,EMA11,USX100020.Y3-EA.MCEMA11P.2,TRUE,USX100020,27537,USUS30106,US30106,Nayo Technologies LLC,,,,,Chandana Gunasekara,,,,1985907,USUS30106-21,2023-11-21T14:32:33.696+0100,2023-11-21T14:32:55.639000+01:00,nuwani.jayatilleke@ifs.com,1959344,USUS30106-17,EMA11P,TRUE,yadhavan.gokulan@ifs.com,Yadhavan Gokulan,61e582e193885f00694e9cad,In Process,
EMA5 - IFS CLOUD Update - Configuration Impact Analysis Advisory,EMA5,FRX100022.1302.MCEMA5.2,FALSE,FRX100022,31523,FR200534,200534,GROUPE PETERS SURGICAL,p.delben@peters-surgical.com,33148106287,Pierre del Ben,South & Western Europe,Chandana Gunasekara,,,RITM0667353,1985815,FR200534-51,2023-11-21T12:44:41.901+0100,2023-11-29T12:37:41.398000+01:00,snow-user@ifsworld.com,,,,FALSE,jonas.feigl@ifs.com,Jonas Feigl,5df891a3ccced70cb2d4e177,In Process,
TAA12P,TAA1,INX100002.230-EAS.MCTAA12P.1,FALSE,INX100002,31819,IN6000056220,6000056220,Infosys Limited (Customer),rupesh_agrawal@infosys.com,9.18E+11,Rupesh Kumar Agrawal,APJ & MEA,,,,RITM0667270,1985545,IN6000056220-39,2023-11-21T09:41:07.140+0100,2023-11-22T16:14:44.339000+01:00,snow-user@ifsworld.com,,,,FALSE,yadhavan.gokulan@ifs.com,Yadhavan Gokulan,61e582e193885f00694e9cad,Not Started,
TAA9P,TAA9,INX100002.230-EAS.MCTAA9P.1,FALSE,INX100002,31819,IN6000056220,6000056220,Infosys Limited (Customer),rupesh_agrawal@infosys.com,9.18E+11,Rupesh Kumar Agrawal,APJ & MEA,,,,RITM0667267,1985455,IN6000056220-38,2023-11-21T09:13:48.905+0100,2023-11-23T05:29:30.340000+01:00,snow-user@ifsworld.com,,,,FALSE,prabodha.de.silva@ifs.com,Prabodha De Silva,61b0738ffe9f3000680f7f8b,Not Started,
EMA11P - System Engineering Involvement,EMA11,USX100020.Y3-EA.MCEMA11P.2,TRUE,USX100020,27537,USUS30106,US30106,Nayo Technologies LLC,,,,,Chandana Gunasekara,,,,1985210,USUS30106-20,2023-11-21T06:02:55.630+0100,2023-11-21T06:07:54.687000+01:00,nuwani.jayatilleke@ifs.com,1959344,USUS30106-17,EMA11P,TRUE,kavindi.alvitigala@ifs.com,Kavindi Alvitigala,635a285af7ad721e784e1dbb,Not Started,
Support Bob for TAA4 Delivery,TAA4,,,,29074,US201805X1,201805X1,"Heaven Hill Distilleries, Inc.",,,,,,,,,1985121,US201805X1-24,2023-11-21T04:33:17.205+0100,2023-11-21T04:33:49.833000+01:00,chandana.gunasekara@ifs.com,1963647,US201805X1-19,TAA4 - IFS Cloud,TRUE,pathum.darshana@ifs.com,Pathum Darshana Kasthuriarachchi,614c593c7a3c8800675137b6,In Process,
